F,Пол,Название,Бренд,Цена 10 мл,Цена 20 мл,Цена 30 мл,Цена 50 мл,,
,M,Aventus,Creed,210 000,378 000,554 400,892 500,,
,M,Absolu Aventus,Creed,210 000,378 000,554 400,892 500,baco,
,U,Delphinus Creed,Creed,240 000,432 000,633 600,1 020 000,,
,U,Millesime Imperial ,Creed,240 000,432 000,633 600,1 020 000,,
,U,Centaurus,Creed,240 000,432 000,633 600,1 020 000,,
,U,Oud Zarian,Creed,240 000,432 000,633 600,1 020 000,,
,,Silver Mountain Water,Creed,180 000,324 000,475 200,765 000,,
,M,Roja Elysium,Roja Dove,270 000,486 000,712 800,1 147 500,,
,W,Enigma,Roja Dove,240 000,432 000,633 600,1 020 000,,
,U,Gaba,Hormone Paris,270 000,486 000,712 800,1 147 500,,
,M,Imagination,Louis Vuitton,240 000,432 000,633 600,1 020 000,,
,U,Myriad,Louis Vuitton,300 000,540 000,792 000,1 275 000,,
,M,L'Immensite,Louis Vuitton,210 000,378 000,554 400,892 500,,
,U,Dancing Blossom,Loui Vuitton,240 000,432 000,633 600,1 020 000,,
c,U, Stellar Times ,Loui Vuitton,300 000,540 000,792 000,1 275 000,,
,U,Ombre Nomade,Louis Vuitton,300 000,540 000,792 000,1 275 000,,
,U,Symphony,Louis Vuitton,300 000,540 000,792 000,1 275 000,,
,U,Myriad,Louis Vuitton,300 000,540 000,792 000,1 275 000,,
,U,California Dream,Louis Vuitton,240 000,432 000,633 600,1 020 000,,
,U,Pacific Chill,Louis Vuitton,240 000,432 000,633 600,1 020 000,,
,U,Afternoon Swim,Louis Vuitton,300 000,540 000,792 000,1 275 000,,
,U,Cosmic Cloude,Louis Vuitton,300 000,540 000,792 000,1 275 000,,
,W,Elves,Louis Vuitton,300 000,540 000,792 000,1 275 000,,
,U,City of Stars,Louis Vuitton,300 000,540 000,792 000,1 275 000,,
,W,Matiere Noire ,Louis Vuitton,300 000,540 000,792 000,1 275 000,,
,M,Meteore,Louis Vuitton,210 000,378 000,554 400,892 500,,
,M,Lovers,Louis Vuitton,210 000,378 000,554 400,892 500,,
,U,Sun Song 2025,Louis Vuitton,210 000,378 000,554 400,892 500,,
,U,Aqua Sapphire,Boadicea The Victorious,360 000,648 000,950 400,1 530 000,,
,U,Aurica,Boadicea The Victorious,360 000,648 000,950 400,1 530 000,,
,U,Green Sapphire,Boadicea The Victorious,360 000,648 000,950 400,1 530 000,,c
,U,Valiant,Boadicea The Victorious,360 000,648 000,950 400,1 530 000,,
,U,Azrak ,Boadicea The Victorious,360 000,648 000,950 400,1 530 000,,
,U,Pioneer ,Boadicea The Victorious,360 000,648 000,950 400,1 530 000,,
,U,Pride ,Boadicea The Victorious,360 000,648 000,950 400,1 530 000,,
,U,Blue Sapphire ,Boadicea the Victorious,360 000,648 000,950 400,1 530 000,,
,U,Hanuman,Boadicea the Victorious,240 000,432 000,633 600,1 020 000,,
,U,Blue Talisman,Ex Nihilo,240 000,432 000,633 600,1 020 000,,
,M,Stronger With You Intensely,Armani,150 000,270 000,396 000,637 500,,
,M,Stronger With You ,Armani,150 000,270 000,396 000,637 500,,
,M,Stronger with YOU Absolutely,Armani,150 000,270 000,396 000,637 500,,
,U,YOU Sandalwood,Armani,150 000,270 000,396 000,637 500,,
,U,Hibiscus Mahajad,Maison Crivelli,300 000,540 000,792 000,1 275 000,,
,U,Oud Maracuja,Maison Crivelli,300 000,540 000,792 000,1 275 000,,
,U,Oud Stallion,Maison Crivelli,300 000,540 000,792 000,1 275 000,,
,U, Safran Secret,Maison Crivelli,300 000,540 000,792 000,1 275 000,,
,M,Tygar Bvlgari,Bvlgari,240 000,432 000,633 600,1 020 000,,
,U,Amunae,Bvlgari,240 000,432 000,633 600,1 020 000,,
,U,Guidance,Amouage,210 000,378 000,554 400,892 500,,
,W,Delina,Parfums de Marly,210 000,378 000,554 400,892 500,,
,W,Delina Exclusif,Parfums de Marly,210 000,378 000,554 400,892 500,,
,W,Valaya,Parfums de Marly,210 000,378 000,554 400,892 500,,
,W,Valaya Exclusif,Parfums de Marly,210 000,378 000,554 400,892 500,,
,W,Very Sexy,Victoria's Secret,150 000,270 000,396 000,637 500,,
,W,My Way ,Armani,150 000,270 000,396 000,637 500,,
,W,Chanel Chance eau Fraiche,Chanel,150 000,270 000,396 000,637 500,,
,W,Chanel Chance eau Tendre,Chanel,150 000,270 000,396 000,637 500,,
,W,Chanel Splendide,Chanel,150 000,270 000,396 000,637 500,,
,W,Coco Mademoiselle Chanel, Chanel,180 000,324 000,475 200,765 000,,
,U,Ganymede,Marc Antoine Barrois,210 000,378 000,554 400,892 500,,
,U,Tilia,Marc Antoine Barrois,210 000,378 000,554 400,892 500,,
,U,Aldebaran,Marc-Antoine Barrois,210 000,378 000,554 400,892 500,,
,U,Montabaco,Ormande Jayne,210 000,378 000,554 400,892 500,,
,U,Montabaco Intensivo,Ormande Jayne,210 000,378 000,554 400,892 500,,
,U,Bois Imperial,Essential Parfums,210 000,378 000,554 400,892 500,,
,M,Althair,Parfums de Marley,240 000,432 000,633 600,1 020 000,,
,U,Angels' Share,by Kilian,210 000,378 000,554 400,892 500,,
,U,Angels' Share Paradise,Kilian,210 000,378 000,554 400,892 500,,
,U,Old Fashioned,Kilian,210 000,378 000,554 400,892 500,,
,M,Bleu de Chanel,Chanel,150 000,270 000,396 000,637 500,,
,M,Bleu de Chanel L'Exclusif Chanel,Chanel,180 000,324 000,475 200,765 000,,
,M,Egoiste Platinum,Chanel,120 000,216 000,316 800,510 000,,
,U,Blonde Amber,Clive Christian,300 000,540 000,792 000,1 275 000,,
,M,Rock Rose,Clive Christian,300 000,540 000,792 000,1 275 000,,
,U,Jump up and Kiss me Hedonistic,Clive Christian,300 000,540 000,792 000,1 275 000,,
,U,Matsukita,Clive Christian,300 000,540 000,792 000,1 275 000,,
,U,1872 For Men,Clive Christian,300 000,540 000,792 000,1 275 000,,
,W,Miss Dior Blooming Bouquet,Dior,150 000,270 000,396 000,637 500,,
,U,Baccarat Rouge 540,Maison Francis Kurkdjan,180 000,324 000,475 200,765 000,,
,U,Escentric Molecule 02,Escentric Molecules,120 000,216 000,316 800,510 000,,
,U,Molecule 04,Escentric Molecules,150 000,270 000,396 000,637 500,,
,U,Oud Satin Mood,Maison Francis Kurkdjan,210 000,378 000,554 400,892 500,,
,U,Arabians Tonka,Montale,150 000,270 000,396 000,637 500,,
,U,Megamare,Orto Parisi,300 000,540 000,792 000,1 275 000,,
,U,Bergamask,Orto Parisi,240 000,432 000,633 600,1 020 000,,
,U,ather ,Tom Ford,210 000,378 000,554 400,892 500,,
,M,eau d'Ombré Leather Tom Ford,Tom Ford,210 000,378 000,554 400,892 500,,
,U,Cherry Smoke,Tom Ford,150 000,270 000,396 000,637 500,,
,U,Oud Wood,Tom Ford,240 000,432 000,633 600,1 020 000,,
,W,Black Orchid,Tom Ford,150 000,270 000,396 000,637 500,,
,U,Lost Cherry,Tom Ford,210 000,378 000,554 400,892 500,,
,U,Tobacco Vanille,Tom Ford,210 000,378 000,554 400,892 500,,
,U,Tuscan Leather,Tom Ford,210 000,378 000,dy,892 500,,
,U,Vanilla Sex,Tom Ford,250 000,450 000,660 000,1 062 500,,
,U,Kirke,Tiziana Terenzi,150 000,270 000,396 000,637 500,,
,U,Black Afgano,Nasomatto,250 000,450 000,660 000,1 062 500,,
,W,Devil's Intrigue,HFC-Haute Fragrance Company,210 000,378 000,554 400,892 500,,
,W,Gucci Flora,Gucci,120 000,216 000,316 800,510 000,,
,M,Terre d'Hermes,Hermes,120 000,216 000,316 800,510 000,,
,W,Black Opium,Yves Saint Laurent,150 000,270 000,396 000,637 500,,
,W,Good Girl,Carolina Herrera,120 000,216 000,316 800,510 000,,
,U,Sunkissed Goddes,by Kilian,200 000,360 000,528 000,850 000,,
,W,Good Girl Gone Bad,by Kilian,210 000,378 000,554 400,892 500,,
,M,212 Men,Carolina Herrera,120 000,216 000,316 800,510 000,,
,W,212 Sexy,Carolina Herrera,120 000,216 000,316 800,510 000,,
,U,Santal 33,Le Labo,200 000,360 000,528 000,850 000,,
,U,Another 13,Le Labo ,210 000,378 000,554 400,892 500,,
,M,Le Beau Le Parfum ,Jean Paul Gaultier,120 000,216 000,316 800,510 000,,
,M,Le Male Le Parfum,Jean Paul Gauiltier ,120 000,#ERROR!,316 800,510 000,,
,M,Le Male Elixir,JPG,150 000,270 000,396 000,637 500,,
,M,Explorer,Montblanc,120 000,216 000,316 800,510 000,,
,U,Cedrat Boise,Mancera,150 000,270 000,396 000,637 500,,
,M,Perseus ,Parfums de Marley,150 000,270 000,396 000,637 500,,
,W,Bright Crystal,Versace,90 000,162 000,237 600,382 500,,
,M,Man eau Fraiche,Versace,90 000,162 000,237 600,382 500,,
,M,Pour Homme,Versace,90 000,162 000,237 600,382 500,,
,M,Eros,Versace,150 000,270 000,396 000,637 500,,
,W,Bombshell,Victoria's Secret,120 000,216 000,316 800,510 000,,
,M, Legend eau de parfum,Mont Blanc,120 000,216 000,316 800,510 000,,
,W,Blackberry & Bay ,Jo Malone London,150 000,270 000,396 000,637 500,,
,U,Cherry Cherry,Mancera,150 000,270 000,396 000,637 500,,
,W, Rose N'Roses,Dior,150 000,270 000,396 000,637 500,,
,W,Blanche,Byredo,150 000,270 000,396 000,637 500,,
,W,Valentino Stravaganza,Valentino,120 000,216 000,316 800,510 000,,
,W,Valentino Extradose,Valentino,150 000,270 000,396 000,637 500,,
,U,Gypsy Water,Byredo,150 000,270 000,396 000,637 500,,
,M,Y  Le Parfum,Yves Saint Laurent,150 000,270 000,396 000,637 500,,
,U,Greenley ,Parfums de Marley,210 000,378 000,554 400,892 500,,
,W,A La Rose,Maison Francis Kurkdjian,250 000,450 000,660 000,1 062 500,,
,M,L'Homme À la Rose,Maison Francis Kurkdjian,250 000,450 000,660 000,1 062 500,,
,M,Acqua Di Gio Absolu,Giorgio Armani,150 000,270 000,396 000,637 500,,
,U,Grand Soir,Maison Francis Kurkdjian,250 000,450 000,660 000,1 062 500,,
,M,The Blazing Mr Sam,Penhaligon's,200 000,360 000,528 000,850 000,,
,U,The Hedonist Extrait de Parfum,Ex Nihilo,250 000,450 000,660 000,1 062 500,,
,M, Eros Energy, Versace,120 000,216 000,316 800,510 000,,
,W,Coco Chanel,Chanel,150 000,270 000,396 000,637 500,,
,U,Molecule 020,Escentric Molecules,150 000,270 000,396 000,637 500,,
,U,Outcast Blue Extrait,Ex Nihilo,250 000,450 000,660 000,1 062 500,,
,U,Frederic Malle Promice,Frederic Malle,200 000,360 000,528 000,850 000,,
,W,Gorgeous Gardenia,Gucci,150 000,270 000,396 000,637 500,,
,M,Givenchy Gentleman,Givenchy,	,#VALUE!,#VALUE!,#VALUE!,,
,M,Le Male Elixir,JPG,150 000,270 000,396 000,637 500,,
,U,Mango Skin,Vilhelm Parfumerie,150 000,270 000,396 000,637 500,,
,M,Hugo Boss Bottled Elixir,Hugo Boss,150 000,270 000,396 000,637 500,,
,M,Bottled Absolu Hugo Boss,Hugo Boss,150 000,270 000,396 000,637 500,,
,U,Oud Satin Mood,MFK,200 000,360 000,528 000,850 000,,
,U,Hacivat Nishane,Nishane,200 000,360 000,528 000,850 000,,
,U,Megamare,Orto Parisi,250 000,450 000,660 000,1 062 500,,
,M,Lord George,Penhaligons,200 000,360 000,528 000,850 000,,
,M,Layton,Parfums de Marley,200 000,360 000,528 000,850 000,,
,W,Libre,Yves Saint Laurent,150 000,270 000,396 000,637 500,,
,M,Versace Fraiche,Versace,90 000,162 000,237 600,382 500,,
,U, Bal d’Afrique,Byredo,120 000,216 000,316 800,510 000,,
,U,guerlain mon guerlain,Byredo,150 000,270 000,396 000,637 500,,
,U,Halley Tiziana terenzi,Initio,210 000,378 000,554 400,892 500,,
,M,Pure Musc For Her Narciso Rodriguez,Yves Saint Laurent,120 000,216 000,316 800,510 000,,
,M,Milion Gold Elixir,Paco Rabbane,120 000,216 000,316 800,510 000,,
,M,Flora Gorgeous Gardenia Intense,Gucci,150 000,270 000,396 000,637 500,,
,W,Flora Gorgeous Orchid,Gucci,150 000,270 000,396 000,637 500,,
,U,Safran Musk,Narciso Radriguez,150 000,270 000,396 000,637 500,,
,U,Beast Love ,Montale,90 000,162 000,237 600,382 500,,
,W,Bois Talisman,Dior,120 000,216 000,316 800,510 000,,
,U,Erba Pura,Sospiro,250 000,450 000,660 000,1 062 500,,
,U,Widian London,Widian,150 000,270 000,396 000,637 500,,
,M,Spicebomb Viktor&Rolf,Viktor&Rolf,150 000,270 000,396 000,637 500,,
,M,Spicebomb Extreme Viktor&Rolf,Viktor&Rolf,150 000,270 000,396 000,637 500,,
,M,Hero Parfum Burberry,Burberry,120 000,216 000,316 800,510 000,,
,M,Guilty Elixir de Parfum pour Homme ,Gucci,150 000,270 000,396 000,637 500,,
,U,Pink Molecule 090.09,Zarkoperfume,120 000,216 000,316 800,510 000,,
,M,Allure Homme Sport,Chanel,120 000,216 000,316 800,510 000,,
,M,Interlude Amouage,Amouage,200 000,360 000,528 000,850 000,,
,M, Legend,Mont Blanc,120 000,216 000,316 800,510 000,,
,U, Purpose ,Amouage,200 000,360 000,528 000,850 000,,
,U,Power Self ,Initio,210 000,378 000,554 400,892 500,,
,M, Forever Wanted Elixir,Azzaro ,210 000,378 000,554 400,892 500,,
,W,Flora Gorgeous Gardenia Intense,Gucci,150 000,270 000,396 000,637 500,,
,M,Le Male Elixir Absolu,Jean Paul Gaultier,150 000,270 000,396 000,637 500,,
,U,Erba Pura,Sospiro,250 000,450 000,660 000,1 062 500,,
,W,Eclat,Lanvin,90 000,162 000,237 600,382 500,,
,U,Fleur Narcotique,Ex Nihilo,150 000,270 000,396 000,637 500,,
,M,Lacoste Sport,Lacoste,100 000,180 000,264 000,425 000,,
,W,Lacoste Femme,Lacoste,100 000,180 000,264 000,425 000,,
,M,Lacoste White,Lacoste,100 000,180 000,264 000,425 000,,
,U,Spiky Muse ,Ex Nihilo,250 000,450 000,660 000,1 062 500,,
,M, Castley ,PDM,240 000,432 000,633 600,1 020 000,,
,U,French Riviera ,MANCERA,150 000,270 000,396 000,637 500,,
,M,Sauvage,Dior,150 000,270 000,396 000,637 500,,
,W,L'Impératrice,Dolce&Gabbana,120 000,216 000,316 800,510 000,,
,W,Light Blue Woman,Dolce&Gabbana,90 000,162 000,237 600,382 500,,
,M,Blue Seduction,Antonio Banderas,100 000,180 000,264 000,425 000,,
,M,Invictus,Paco Rabbane,150 000,270 000,396 000,637 500,,
,M,Euphoria Men,Calvin Klein,120 000,216 000,316 800,510 000,,
,U,CK One ,Calvin Klein,100 000,180 000,264 000,425 000,,
,U,Amber Wood,Ajmal,150 000,270 000,396 000,637 500,,
,U,Il Podrino ,Sospiro,250 000,450 000,660 000,1 062 500,,
,M,Acqua di Gio,Armani,120 000,216 000,316 800,510 000,,
,M,K by D&G,Dolce&Gabbana,120 000,216 000,316 800,510 000,,
,U,Power Self ,Initio,250 000,450 000,660 000,1 062 500,,
,W,Be Delicious,DKNY,150 000,270 000,396 000,637 500,,
,W,Cool water,Davidoff,90 000,162 000,237 600,382 500,,
,M,H24,Hermès,120 000,216 000,316 800,510 000,,
,M,Aqva Pour Homme,Bvlgari,150 000,270 000,396 000,637 500,,
,M,Rouge Trafalgar Dior,Dior,240 000,432 000,633 600,1 020 000,,
,M,Coeur Battant,Louis Vuitton,210 000,378 000,554 400,892 500,,
,M,Coeur Battant,Louis Vuitton,210 000,378 000,554 400,892 500,,
,U,Les Sables Roses,Louis Vuitton,240 000,432 000,633 600,1 020 000,,
,M,Shaik No 77 ,Shaik,120 000,216 000,316 800,510 000,,
,U,Paragon, Initio Parfums Prives,240 000,432 000,633 600,1 020 000,,
,U,Tony Iommi Monkey,Xerjoff,150 000,270 000,396 000,637 500,,
,U,Italian Leather,Memo Paris,150 000,270 000,396 000,637 500,,
,M,1 million,Paco Rabbane,120 000,216 000,316 800,510 000,,
,W,Lady million,Paco Rabbane,120 000,216 000,316 800,510 000,,